,Unnamed: 0.1,Unnamed: 0,date,open,high,close,low,volume,price_change,p_change,ma5,ma10,ma20,v_ma5,v_ma10,v_ma20,Lable2Class
0,0,0,2017-12-29,20.31,20.48,20.47,20.2,13887.05,0.16,0.79,20.4,20.79,20.939,16938.2,20303.14,24094.45,01
1,1,1,2017-12-28,20.42,20.68,20.31,20.28,19119.15,0.03,0.15,20.468,20.930999999999997,21.026,17542.08,26040.91,24686.4,01
2,2,2,2017-12-27,20.69,20.69,20.28,20.24,16163.0,-0.26,-1.27,20.601999999999997,20.982,21.105,18758.99,25779.3,24624.63,10
3,3,3,2017-12-26,20.22,20.54,20.54,20.22,16166.41,0.14,0.69,20.788,21.049,21.19,19437.74,25556.68,24994.52,01
4,4,4,2017-12-25,20.81,20.85,20.4,20.38,19355.4,-0.41,-1.97,20.986,21.08,21.273000000000003,21141.4,26145.14,25356.31,10
5,5,5,2017-12-22,20.99,21.17,20.81,20.81,16906.45,-0.17,-0.81,21.18,21.165,21.34,23668.07,26231.36,25304.79,10
6,6,6,2017-12-21,21.4,21.4,20.98,20.79,25203.71,-0.23,-1.08,21.394,21.180999999999997,21.389,34539.73,26457.68,25461.98,10
7,7,7,2017-12-20,21.45,21.59,21.21,21.18,19556.71,-0.32,-1.49,21.362,21.153,21.428,32799.61,25898.17,26034.14,10
8,8,8,2017-12-19,21.37,21.82,21.53,21.37,24684.71,0.16,0.75,21.31,21.116,21.485,31675.62,26919.49,27173.46,01
9,9,9,2017-12-18,21.66,21.88,21.37,21.2,31988.77,-0.51,-2.33,21.174,21.035,21.51,31148.87,28929.32,27738.39,10
10,10,10,2017-12-15,21.12,22.57,21.88,21.08,71264.77,1.06,5.09,21.15,21.088,21.562,28794.65,27885.76,27671.26,01
11,11,11,2017-12-14,20.9,20.95,20.82,20.6,16503.1,-0.13,-0.62,20.968000000000004,21.12,21.569000000000003,18375.62,23331.88,27078.4,10
12,12,12,2017-12-13,21.02,21.04,20.95,20.83,13936.77,0.1,0.48,20.944000000000003,21.228,21.684,18996.73,23469.96,28137.98,01
13,13,13,2017-12-12,21.16,21.34,20.85,20.75,22050.96,-0.4,-1.88,20.921999999999997,21.331,21.79,22163.36,24432.37,29960.88,10
14,14,14,2017-12-11,21.01,21.49,21.25,21.01,20217.65,0.28,1.33,20.896,21.466,21.947,26709.76,24567.49,31589.94,01
15,15,15,2017-12-08,20.7,21.04,20.97,20.69,19169.63,0.27,1.3,21.026,21.515,22.11,26976.87,24378.22,34500.97,01
16,16,16,2017-12-07,20.73,20.99,20.7,20.59,19608.65,-0.14,-0.67,21.272,21.596,22.252,28288.15,24466.29,35504.44,10
17,17,17,2017-12-06,20.6,20.94,20.84,20.11,29769.91,0.12,0.58,21.511999999999997,21.703000000000003,22.42,27943.18,26170.11,36574.78,01
18,18,18,2017-12-05,21.87,21.96,20.72,20.55,44782.94,-1.18,-5.39,21.74,21.853,22.59,26701.38,27427.43,38491.11,10
19,19,19,2017-12-04,22.16,22.22,21.9,21.85,21553.23,-0.3,-1.35,22.036,21.985,22.785,22425.22,26547.46,39834.22,10
20,20,20,2017-12-01,21.9,22.28,22.2,21.8,25726.0,0.3,1.37,22.004,22.036,22.886999999999997,21779.57,27456.77,42388.2,01
21,21,21,2017-11-30,22.0,22.18,21.9,21.8,17883.81,-0.08,-0.36,21.92,22.018,22.925,20644.44,30824.91,42524.74,10
22,22,22,2017-11-29,22.19,22.2,21.98,21.76,23560.9,-0.22,-0.99,21.894,22.14,22.997,24397.04,32806.01,43673.72,10
23,23,23,2017-11-28,21.71,22.29,22.2,21.71,23402.14,0.46,2.12,21.966,22.249,23.055999999999997,28153.47,35489.39,44241.42,01
24,24,24,2017-11-27,21.81,22.08,21.74,21.72,18325.0,-0.04,-0.18,21.934,22.428,23.1,30669.71,38612.4,44675.4,10
25,25,25,2017-11-24,21.6,21.93,21.78,21.57,20050.33,0.01,0.05,22.068,22.704,23.166,33133.96,44623.72,46144.13,01
26,26,26,2017-11-23,22.01,22.23,21.77,21.75,36646.81,-0.57,-2.55,22.116,22.906999999999996,23.276999999999997,41005.38,46542.59,46712.07,10
27,27,27,2017-11-22,22.12,22.85,22.34,21.88,42343.09,0.3,1.36,22.386,23.136,23.405,41214.98,46979.45,46565.4,01
28,28,28,2017-11-21,22.35,22.55,22.04,21.77,35983.31,-0.37,-1.65,22.531999999999996,23.326,23.496,42825.3,49554.79,46001.31,10
29,29,29,2017-11-20,22.03,22.43,22.41,21.55,30646.26,0.39,1.77,22.921999999999997,23.584,23.594,46555.09,53120.97,46472.56,01
30,30,30,2017-11-17,23.0,23.04,22.02,21.71,59407.41,-1.1,-4.76,23.34,23.737,23.697,56113.48,57319.63,46200.12,10
31,31,31,2017-11-16,23.01,23.65,23.12,23.01,37694.81,0.05,0.22,23.698,23.831,23.824,52079.8,54224.57,44721.8,01
32,32,32,2017-11-15,23.81,23.81,23.07,23.01,50394.72,-0.92,-3.83,23.886,23.854,23.882,52743.91,54541.44,44674.8,10
33,33,33,2017-11-14,24.26,24.63,23.99,23.91,54632.26,-0.51,-2.08,24.12,23.862,23.935,56284.27,52993.46,44672.88,10
34,34,34,2017-11-13,23.66,24.6,24.5,23.35,78438.22,0.69,2.9,24.246,23.772,23.986,59686.84,50738.41,45839.6,01
35,35,35,2017-11-10,24.13,24.27,23.81,23.78,39238.97,-0.25,-1.04,24.134,23.628,24.083,58525.78,47664.53,46482.57,10
36,36,36,2017-11-09,24.08,24.14,24.06,23.81,41015.4,-0.18,-0.74,23.964,23.647,24.205,56369.35,46881.55,46607.89,10
37,37,37,2017-11-08,24.62,24.66,24.24,24.18,68096.49,-0.38,-1.54,23.822,23.673,24.327,56338.96,46151.35,47708.88,10
38,38,38,2017-11-07,23.93,24.65,24.62,23.75,71645.14,0.68,2.84,23.604,23.666,24.429,49702.65,42447.83,47087.05,01
39,39,39,2017-11-06,23.65,24.69,23.94,23.6,72632.9,0.98,4.27,23.298,23.603,24.537,41789.97,39824.15,47236.37,01
40,40,40,2017-11-03,23.3,23.36,22.96,22.8,28456.8,-0.39,-1.67,23.122,23.656999999999996,24.667,36803.28,35080.6,47852.55,10
41,41,41,2017-11-02,23.13,23.6,23.35,22.81,40863.48,0.2,0.86,23.33,23.816,24.788,37393.76,35219.03,48230.31,01
42,42,42,2017-11-01,23.06,23.44,23.15,23.03,34914.91,0.06,0.26,23.524,23.909,24.882,35963.73,34808.17,48010.6,01
43,43,43,2017-10-31,23.05,23.22,23.09,22.82,32081.74,0.03,0.13,23.728,24.008000000000003,25.002,35193.02,36352.31,48114.41,01
44,44,44,2017-10-30,23.86,23.98,23.06,22.61,47699.47,-0.94,-3.92,23.908,24.2,25.112,37858.33,40940.8,48770.53,10
45,45,45,2017-10-27,24.39,24.41,24.0,23.95,31409.18,-0.32,-1.32,24.191999999999997,24.537,25.232,33357.93,45300.61,48034.03,10
46,46,46,2017-10-26,24.17,24.45,24.32,23.94,33713.35,0.15,0.62,24.302,24.763,25.314,33044.3,46334.23,48293.86,01
47,47,47,2017-10-25,24.0,24.2,24.17,23.82,31061.37,0.18,0.75,24.294,24.981,25.393,33652.61,49266.42,49656.78,01
48,48,48,2017-10-24,24.47,24.5,23.99,23.65,45408.27,-0.49,-2.0,24.288,25.191,25.51,37511.59,51726.26,51197.34,10
49,49,49,2017-10-23,24.58,24.78,24.48,24.41,25197.46,-0.07,-0.28,24.491999999999997,25.47,25.61,44023.28,54648.6,51362.58,10
50,50,50,2017-10-20,24.33,24.57,24.55,24.13,29841.06,0.27,1.11,24.882,25.676,25.699,57243.29,60624.5,52435.55,01
51,51,51,2017-10-19,24.2,24.66,24.28,24.01,36754.89,0.14,0.58,25.224,25.76,25.759,59624.15,61241.6,54772.5,01
52,52,52,2017-10-18,24.91,25.26,24.14,24.09,50356.26,-0.87,-3.48,25.668000000000003,25.855,25.873,64880.23,61213.03,56460.52,10
53,53,53,2017-10-17,25.95,25.96,25.01,24.81,77966.72,-1.42,-5.37,26.094,25.995,26.01,65940.94,59876.52,57337.09,10
54,54,54,2017-10-16,26.35,26.98,26.43,26.2,91297.51,0.17,0.65,26.448,26.024,26.125,65273.92,56600.27,60121.49,01
55,55,55,2017-10-13,26.45,26.45,26.26,25.91,41745.36,-0.24,-0.91,26.47,25.926,26.129,64005.71,50767.46,58798.98,10
56,56,56,2017-10-12,26.34,27.07,26.5,26.01,63035.31,0.23,0.88,26.296,25.864,26.149,62859.05,50253.49,60249.01,01
57,57,57,2017-10-11,26.75,26.75,26.27,26.21,55659.8,-0.51,-1.9,26.042,25.805,26.164,57545.82,50047.14,63178.44,10
58,58,58,2017-10-10,26.49,26.86,26.78,26.33,74631.63,0.24,0.9,25.896,25.828000000000003,26.232,53812.1,50668.41,68459.73,01
59,59,59,2017-10-09,25.85,26.57,26.54,25.58,84956.43,1.15,4.53,25.6,25.749,26.267,47926.61,48076.56,72141.61,01
60,60,60,2017-09-29,25.22,25.48,25.39,25.08,36012.09,0.16,0.63,25.382,25.721,26.329,37529.21,44246.6,80809.49,01
61,61,61,2017-09-28,25.44,25.86,25.23,25.22,36469.14,-0.31,-1.21,25.432,25.758000000000003,26.424,37647.93,48303.41,90543.41,10
62,62,62,2017-09-27,25.32,25.59,25.54,25.09,36991.19,0.24,0.95,25.568,25.89,26.463,42548.47,51708.01,97220.9,01
63,63,63,2017-09-26,25.44,25.67,25.3,24.9,45204.2,-0.15,-0.59,25.76,26.024,26.48,47524.73,54797.65,105910.83,10
64,64,64,2017-09-25,25.66,25.96,25.45,25.43,32969.41,-0.19,-0.74,25.898000000000003,26.225,26.447,48226.51,63642.71,108691.65,10
65,65,65,2017-09-22,25.71,26.12,25.64,25.58,36605.69,-0.27,-1.04,26.06,26.331999999999997,26.44,50963.99,66830.5,117267.23,10
66,66,66,2017-09-21,26.26,26.71,25.91,25.9,60971.84,-0.59,-2.23,26.084,26.434,26.385,58958.89,70244.53,119982.89,10
67,67,67,2017-09-20,25.81,26.55,26.5,25.76,61872.51,0.51,1.96,26.212,26.523000000000003,26.307,60867.55,76309.74,122784.0,01
68,68,68,2017-09-19,26.36,26.47,25.99,25.96,48713.08,-0.27,-1.03,26.288,26.636,26.185,62070.58,86251.04,123426.44,10
69,69,69,2017-09-18,25.7,26.26,26.26,25.61,46656.84,0.5,1.94,26.552,26.785,26.089,79058.92,96206.66,126845.96,01
70,70,70,2017-09-15,26.4,26.4,25.76,25.55,76580.17,-0.79,-2.98,26.604,26.937,26.028,82697.01,117372.38,132528.95,10
71,71,71,2017-09-14,26.9,27.27,26.55,26.38,70515.17,-0.33,-1.23,26.784,27.089,25.966,81530.17,132783.41,138335.35,10
72,72,72,2017-09-13,27.0,27.28,26.88,26.7,67887.62,-0.43,-1.57,26.834,27.036,25.868,91751.92,142733.78,147538.06,10
73,73,73,2017-09-12,26.53,27.49,27.31,26.23,133654.8,0.79,2.98,26.984,26.935,25.674,110431.5,157024.01,148969.27,01
74,74,74,2017-09-11,26.41,26.6,26.52,26.12,64847.27,-0.14,-0.53,27.018,26.668000000000003,25.424,113354.4,153740.58,143945.09,10
75,75,75,2017-09-08,26.61,27.05,26.66,26.38,70746.01,-0.14,-0.52,27.27,26.548,25.212,152047.76,167703.97,142991.97,10
76,76,76,2017-09-07,27.61,27.87,26.8,26.76,121623.91,-0.83,-3.0,27.394,26.336,24.955,184036.64,169721.25,141405.19,10
77,77,77,2017-09-06,27.0,27.67,27.63,26.43,161285.5,0.15,0.55,27.238000000000003,26.09,24.715,193715.64,169258.27,137028.91,01
78,78,78,2017-09-05,27.28,27.99,27.48,27.02,148269.33,-0.3,-1.08,26.886,25.734,24.45,203616.52,160601.85,130512.06,10
79,79,79,2017-09-04,27.14,29.3,27.78,26.84,258314.06,0.5,1.83,26.318,25.392,24.208,194126.75,157485.26,124898.97,01
80,80,80,2017-09-01,25.8,27.3,27.28,25.52,230690.41,1.26,4.84,25.826,25.119,23.944000000000003,183360.17,147685.51,114232.43,01
81,81,81,2017-08-31,26.25,26.49,26.02,25.73,170018.92,0.15,0.58,25.278,24.842,23.726,155405.86,143887.3,105296.47,01
82,82,82,2017-08-30,24.8,26.53,25.87,24.66,210789.86,1.23,4.99,24.941999999999997,24.7,23.561,144800.9,152342.34,98997.58,01
83,83,83,2017-08-29,24.92,25.16,24.64,24.56,100820.52,-0.68,-2.69,24.581999999999997,24.413,23.417,117587.17,140914.53,90811.6,10
84,84,84,2017-08-28,24.66,26.0,25.32,24.66,204481.16,0.78,3.18,24.466,24.18,23.358,120843.77,134149.61,88762.23,01
85,85,85,2017-08-25,24.11,24.68,24.54,23.91,90918.82,0.2,0.82,24.412,23.875,23.256,112010.85,118279.97,82203.73,01
86,86,86,2017-08-24,24.44,24.97,24.34,24.2,116994.13,0.27,1.12,24.406,23.574,23.165,132368.74,113089.14,80156.63,01
87,87,87,2017-08-23,24.19,24.68,24.07,23.95,74721.24,0.01,0.04,24.458,23.34,23.106,159883.77,104799.54,78388.28,01
88,88,88,2017-08-22,24.97,24.97,24.06,23.88,117103.52,-0.99,-3.95,24.244,23.166,23.011,164241.88,100422.27,76118.43,10
89,89,89,2017-08-21,24.25,25.29,25.05,24.25,160316.52,0.54,2.2,23.894,23.023000000000003,22.923,147455.44,92312.68,71667.7,01
90,90,90,2017-08-18,24.25,24.98,24.51,24.16,192708.28,-0.09,-0.37,23.338,22.769,22.807,124549.1,80779.34,65814.63,10
91,91,91,2017-08-17,22.89,25.3,24.6,22.78,254569.31,1.6,6.96,22.741999999999997,22.61,22.71,93809.54,66705.65,59761.34,01
92,92,92,2017-08-16,22.2,23.37,23.0,22.11,96511.75,0.69,3.09,22.222,22.421999999999997,22.6,49715.31,45652.82,49682.32,01
93,93,93,2017-08-15,22.38,22.47,22.31,22.12,33171.34,0.04,0.18,22.088,22.421,22.544,36602.65,40708.67,46407.66,01
94,94,94,2017-08-14,21.6,22.4,22.27,21.6,45784.8,0.74,3.44,22.151999999999997,22.535,22.509,37169.92,43374.85,46209.14,01
95,95,95,2017-08-11,21.9,21.92,21.53,21.41,39010.49,-0.47,-2.14,22.2,22.636999999999997,22.47,37009.58,46127.48,46830.83,10
96,96,96,2017-08-10,22.22,22.49,22.0,21.98,34098.17,-0.33,-1.48,22.478,22.756,22.537,39601.76,47224.12,46209.7,10
97,97,97,2017-08-09,22.51,22.59,22.33,22.25,30948.47,-0.3,-1.33,22.622,22.872,22.597,41590.34,51977.03,46448.51,10
98,98,98,2017-08-08,22.39,22.86,22.63,22.36,36007.68,0.12,0.53,22.754,22.855,22.622,44814.69,51814.59,47604.44,01
99,99,99,2017-08-07,22.88,23.03,22.51,22.39,44983.11,-0.41,-1.79,22.918000000000003,22.823,22.651,49579.77,51022.72,47797.04,10
100,100,100,2017-08-04,22.72,23.25,22.92,22.51,51971.38,0.2,0.88,23.074,22.844,22.716,55245.38,50849.92,47951.87,01
101,101,101,2017-08-03,22.91,23.26,22.72,22.66,44041.05,-0.27,-1.17,23.034,22.81,22.772,54846.48,52817.03,47634.26,10
102,102,102,2017-08-02,23.43,23.43,22.99,22.95,47070.24,-0.46,-1.96,23.122,22.776999999999997,22.844,62363.72,53711.82,48478.79,10
103,103,103,2017-08-01,23.1,23.48,23.45,22.85,59833.09,0.16,0.69,22.956,22.666,22.919,58814.5,52106.64,48956.67,01
104,104,104,2017-07-31,22.84,23.75,23.29,22.74,73311.14,0.57,2.51,22.728,22.482,22.96,52465.67,49043.43,48699.88,01
105,105,105,2017-07-28,23.05,23.14,22.72,22.64,49976.88,-0.44,-1.9,22.614,22.303,23.024,46454.46,47534.17,48859.9,10
106,106,106,2017-07-27,22.14,23.18,23.16,21.9,81627.23,1.0,4.51,22.586,22.318,23.088,50787.59,45195.28,49480.87,01
107,107,107,2017-07-26,22.49,22.7,22.16,22.01,29324.14,-0.15,-0.67,22.432,22.321,23.125,45059.92,40919.99,51243.04,10
108,108,108,2017-07-25,22.76,22.76,22.31,22.22,28088.95,-0.41,-1.8,22.376,22.389,23.182,45398.79,43394.28,51761.25,10
109,109,109,2017-07-24,22.1,22.78,22.72,21.99,43255.1,0.14,0.62,22.236,22.479,23.236,45621.19,44571.36,52300.38,01
110,110,110,2017-07-21,23.0,23.57,22.58,22.51,71642.52,0.19,0.85,21.991999999999997,22.588,23.276,48613.88,45053.83,53099.81,01
111,111,111,2017-07-20,21.89,22.7,22.39,21.89,52988.88,0.51,2.33,22.05,22.733,23.301,39602.98,42451.48,53020.98,01
112,112,112,2017-07-19,21.61,21.98,21.88,21.36,31018.51,0.27,1.25,22.21,22.911,23.349,36780.07,43245.77,55846.2,01
113,113,113,2017-07-18,21.22,21.73,21.61,21.21,29200.94,0.11,0.51,22.401999999999997,23.171999999999997,23.413,41389.77,45806.7,57111.58,01
114,114,114,2017-07-17,22.74,22.75,21.5,21.02,58218.56,-1.37,-5.99,22.722,23.437,23.476999999999997,43521.52,48356.33,57697.5,10
115,115,115,2017-07-14,23.15,23.22,22.87,22.71,26588.0,-0.32,-1.38,23.184,23.745,23.557,41493.77,50185.63,56736.62,10
116,116,116,2017-07-13,22.8,23.19,23.19,22.62,38874.34,0.35,1.53,23.416,23.858,23.554,45299.97,53766.45,57496.66,01
117,117,117,2017-07-12,23.21,23.44,22.84,22.44,54067.03,-0.37,-1.59,23.612,23.928,23.534,49711.47,61566.08,58583.17,10
118,118,118,2017-07-11,23.82,24.04,23.21,23.13,39859.67,-0.6,-2.52,23.941999999999997,23.974,23.51,50223.63,60128.22,58178.8,10
119,119,119,2017-07-10,24.1,24.19,23.81,23.66,48079.83,-0.22,-0.92,24.151999999999997,23.991999999999997,23.463,53191.13,60029.41,58157.45,10
120,120,120,2017-07-07,24.01,24.18,24.03,23.9,45619.0,-0.14,-0.58,24.305999999999997,23.964,23.353,58877.49,61145.79,57710.06,10
121,121,121,2017-07-06,24.4,24.65,24.17,24.11,60931.83,-0.32,-1.31,24.3,23.868,23.264,62232.92,63590.48,57062.13,10
122,122,122,2017-07-05,24.43,24.65,24.49,24.19,56627.84,0.23,0.95,24.244,23.786,23.177,73420.69,68446.63,56027.45,01
123,123,123,2017-07-04,24.4,24.5,24.26,24.05,54697.15,-0.32,-1.3,24.006,23.654,23.081,70032.8,68416.45,55484.52,10
124,124,124,2017-07-03,24.02,24.73,24.58,23.94,76511.62,0.58,2.42,23.831999999999997,23.517,22.969,66867.7,67038.68,54175.95,01
125,125,125,2017-06-30,23.74,24.22,24.0,23.62,62396.16,0.11,0.46,23.622,23.369,22.831999999999997,63414.08,63287.61,51841.34,01
126,126,126,2017-06-29,23.41,24.8,23.89,23.26,116870.68,0.59,2.53,23.436,23.25,22.725,64948.03,61226.87,50461.9,01
127,127,127,2017-06-28,23.39,23.67,23.3,23.05,39688.41,-0.09,-0.39,23.328000000000003,23.14,22.605,63472.56,55600.26,47966.58,10
128,128,128,2017-06-27,23.54,23.69,23.39,23.28,38871.61,-0.14,-0.59,23.302,23.045,22.608,66800.1,56229.39,47634.91,10
129,129,129,2017-06-26,23.11,23.68,23.53,23.07,59243.56,0.46,1.99,23.202,22.934,22.689,67209.66,56285.49,47191.33,01
130,130,130,2017-06-23,23.1,23.25,23.07,22.36,70065.91,-0.28,-1.2,23.116,22.741,22.698,63161.14,54274.34,45781.08,10
131,131,131,2017-06-22,23.21,24.6,23.35,22.95,109493.33,0.18,0.78,23.064,22.66,22.75,57505.7,50533.79,44462.43,01
132,132,132,2017-06-21,22.95,23.49,23.17,22.85,56326.07,0.28,1.22,22.952,22.566999999999997,22.774,47727.95,43608.27,41488.32,01
133,133,133,2017-06-20,23.2,23.33,22.89,22.88,40919.42,-0.21,-0.91,22.788,22.508000000000003,22.803,45658.67,42552.59,43627.24,10
134,134,134,2017-06-19,22.74,23.18,23.1,22.74,39000.97,0.29,1.27,22.666,22.421,22.953000000000003,45361.31,41313.22,46011.11,01
135,135,135,2017-06-16,22.85,22.97,22.81,22.59,41788.73,0.02,0.09,22.366,22.295,23.066,45387.53,40395.07,46369.83,01
136,136,136,2017-06-15,22.3,23.0,22.79,22.23,60604.58,0.44,1.97,22.256,22.199,23.211,43561.88,39696.93,47500.12,01
137,137,137,2017-06-14,22.3,22.56,22.35,22.14,45979.67,0.07,0.31,22.182,22.07,23.344,39488.59,40332.9,47781.13,01
138,138,138,2017-06-13,21.4,22.38,22.28,21.32,39432.62,0.68,3.15,22.228,22.171,23.521,39446.51,39040.44,49956.91,01
139,139,139,2017-06-12,22.07,22.15,21.6,21.58,39132.07,-0.66,-2.96,22.176,22.443,23.663,37265.13,38097.18,52309.27,10
140,140,140,2017-06-09,22.45,22.51,22.26,22.04,32660.45,-0.16,-0.71,22.224,22.654,23.764,35402.6,37287.82,52066.83,10
141,141,141,2017-06-08,22.6,22.71,22.42,22.31,40238.13,-0.16,-0.71,22.142,22.839,23.844,35831.98,38391.06,53367.5,10
142,142,142,2017-06-07,22.0,22.68,22.58,21.95,45769.28,0.56,2.54,21.958,22.98,23.948,41177.21,39368.36,53053.52,01
143,143,143,2017-06-06,21.88,22.12,22.02,21.71,28525.7,0.18,0.82,22.114,23.097,24.068,38634.37,44701.89,52590.0,01
144,144,144,2017-06-05,22.01,22.06,21.84,21.8,29819.43,-0.01,-0.05,22.71,23.485,24.213,38929.23,50708.99,53038.11,10
145,145,145,2017-06-02,21.31,22.12,21.85,21.25,34807.36,0.35,1.63,23.084,23.836,24.376,39173.05,52344.59,53571.7,01
146,146,146,2017-06-01,23.25,23.25,21.5,21.45,66964.3,-1.86,-7.96,23.536,24.223000000000003,24.549,40950.14,55303.32,54203.0,10
147,147,147,2017-05-31,24.1,24.19,23.36,23.31,33055.05,-0.35,-1.48,24.002,24.618,24.775,37559.51,55229.35,52848.98,10
148,148,148,2017-05-30,25.0,25.0,25.0,25.0,30000.0,1.29,5.44,24.08,24.87,24.892,50769.42,60873.37,52761.94,01
149,149,149,2017-05-26,24.11,24.19,23.71,23.65,31038.52,-0.28,-1.17,24.26,24.882,24.938,62488.75,66521.37,53280.01,10
150,150,150,2017-05-25,23.84,24.24,24.11,23.4,43692.84,0.28,1.18,24.588,24.873,25.036,65516.14,66845.83,54806.52,01
151,151,151,2017-05-24,23.37,23.97,23.83,22.72,50011.15,0.08,0.34,24.91,24.849,25.1,69656.49,68343.94,54228.01,01
152,152,152,2017-05-23,25.91,25.91,23.75,23.7,99104.58,-2.15,-8.3,25.234,24.915,25.167,72899.2,66738.67,53385.45,10
153,153,153,2017-05-22,25.6,26.15,25.9,25.4,88596.68,0.55,2.17,25.66,25.038,25.231,70977.33,60478.1,51009.55,01
154,154,154,2017-05-19,25.74,25.9,25.35,25.0,46175.46,-0.37,-1.44,25.504,24.941,25.236,70553.99,55367.23,48158.48,10
155,155,155,2017-05-18,25.2,25.98,25.72,25.11,64394.57,0.27,1.06,25.158,24.916,25.281999999999996,68175.52,54798.8,48500.99,01
156,156,156,2017-05-17,25.75,26.05,25.45,25.39,66224.69,-0.43,-1.66,24.788,24.874,25.327,67031.39,53102.68,49896.46,10
157,157,157,2017-05-16,24.94,25.88,25.88,24.72,89495.23,0.76,3.02,24.596,24.930999999999997,25.416,60578.14,50468.61,55193.01,01
158,158,158,2017-05-15,23.9,25.19,25.12,23.88,86480.0,1.5,6.35,24.416,24.914,25.636,49978.88,44650.5,53212.33,01
159,159,159,2017-05-12,23.84,23.93,23.62,23.23,34283.09,-0.25,-1.05,24.378,24.994,25.885,40180.46,40038.65,52616.59,10
160,160,160,2017-05-11,24.28,24.49,23.87,22.96,58673.95,-0.62,-2.53,24.674,25.199,26.246,41422.08,42767.22,54116.24,10
161,161,161,2017-05-10,25.04,25.42,24.49,24.48,33958.44,-0.49,-1.96,24.96,25.35,26.589,39173.96,40112.09,55399.7,10
162,162,162,2017-05-09,24.78,25.1,24.98,24.16,36498.93,0.05,0.2,25.266,25.419,26.954,40359.08,40032.23,60503.81,01
163,163,163,2017-05-08,25.2,25.5,24.93,24.89,37487.89,-0.17,-0.68,25.412,25.423,27.244,39322.12,41541.0,66687.41,10
164,164,164,2017-05-05,25.03,25.85,25.1,24.95,40491.17,-0.2,-0.79,25.61,25.53,27.605,39896.84,40949.73,73560.24,10
165,165,165,2017-05-04,25.8,25.86,25.3,25.24,47433.37,-0.72,-2.77,25.724,25.647,28.001,44112.36,42203.19,78769.05,10
166,166,166,2017-05-03,25.72,26.3,26.02,25.43,39884.02,0.31,1.21,25.74,25.779,28.401,41050.21,46690.24,88147.47,01
167,167,167,2017-05-02,25.9,26.09,25.71,25.61,31314.14,-0.21,-0.81,25.572,25.901,28.704,39705.39,59917.42,98373.5,10
168,168,168,2017-04-28,25.5,26.16,25.92,25.4,40361.5,0.25,0.97,25.434,26.357,29.013,43759.89,61774.16,110467.48,01
169,169,169,2017-04-27,25.17,25.89,25.67,24.2,61568.76,0.29,1.14,25.45,26.775,29.241999999999997,42002.61,65194.53,113645.83,01
170,170,170,2017-04-26,25.09,25.59,25.38,25.09,32122.64,0.2,0.79,25.57,27.292,29.476,40294.01,65465.25,114350.91,01
171,171,171,2017-04-25,25.05,25.48,25.18,25.01,33159.91,0.16,0.64,25.818,27.827,29.764,52330.27,70687.31,118908.42,01
172,172,172,2017-04-24,26.01,26.17,25.02,24.51,51586.62,-0.98,-3.77,26.23,28.488000000000003,30.021,80129.44,80975.39,121324.55,10
173,173,173,2017-04-21,26.27,26.62,26.0,25.96,31575.12,-0.27,-1.03,27.28,29.064,30.281999999999996,79788.44,91833.82,124824.45,10
174,174,174,2017-04-20,26.64,26.87,26.27,26.01,53025.78,-0.35,-1.31,28.1,29.68,30.526999999999997,88386.46,106170.75,128928.39,10
175,175,175,2017-04-19,26.6,26.66,26.62,25.2,92303.9,-0.62,-2.28,29.014,30.354,30.78,90636.49,115334.92,133599.26,10
176,176,176,2017-04-18,30.25,30.25,27.24,27.24,172155.8,-3.03,-10.01,29.836,31.022,31.017,89044.34,129604.71,136176.44,10
177,177,177,2017-04-17,30.0,30.59,30.27,29.71,49881.59,0.17,0.56,30.746,31.507,31.243,81821.33,136829.57,142277.1,01
178,178,178,2017-04-14,30.67,30.94,30.1,29.88,74565.22,-0.74,-2.4,30.848000000000003,31.669,31.274,103879.19,159160.79,146620.24,10
179,179,179,2017-04-13,30.59,31.3,30.84,30.5,64275.95,0.11,0.36,31.26,31.709,31.293000000000003,123955.05,162097.12,148210.59,01
180,180,180,2017-04-12,31.6,31.74,30.73,30.65,84343.16,-1.06,-3.33,31.694000000000003,31.66,31.294,140033.35,163236.56,155308.98,10
181,181,181,2017-04-11,30.79,31.83,31.79,30.43,136040.73,1.01,3.28,32.208,31.7,31.27,170165.07,167129.53,158387.24,01
182,182,182,2017-04-10,31.8,31.97,30.78,30.55,160170.91,-1.38,-4.29,32.268,31.554,31.165,191837.82,161673.71,157032.6,10
183,183,183,2017-04-07,33.0,33.8,32.16,32.15,174944.48,-0.85,-2.58,32.49,31.499,31.121,214442.39,157815.09,158889.67,10
184,184,184,2017-04-06,32.97,33.18,33.01,32.55,144667.48,-0.29,-0.87,32.158,31.374,30.976,200239.19,151686.04,155828.0,10
185,185,185,2017-04-05,32.45,33.39,33.3,31.55,235001.77,1.21,3.77,31.626,31.206,30.835,186439.77,151863.6,161420.76,01
186,186,186,2017-03-31,31.47,32.88,32.09,31.23,244404.44,0.2,0.63,31.191999999999997,31.011999999999997,30.61,164093.99,142748.17,156520.16,01
187,187,187,2017-03-30,30.39,32.32,31.89,29.81,273193.78,1.39,4.56,30.84,30.978,30.375,131509.6,147724.62,145773.78,01
188,188,188,2017-03-29,30.37,31.13,30.5,30.06,103928.46,0.15,0.49,30.508000000000003,30.879,30.149,101187.78,134079.69,135385.29,01
189,189,189,2017-03-28,30.99,30.99,30.35,30.3,75670.42,-0.78,-2.51,30.59,30.877,30.024,103132.89,134324.06,132021.42,10
190,190,190,2017-03-27,30.32,31.34,31.13,30.19,123272.83,0.8,2.64,30.786,30.927,29.905,117287.43,147381.4,130075.15,01
191,191,191,2017-03-24,30.3,30.69,30.33,29.92,81482.49,0.1,0.33,30.831999999999997,30.839,29.759,121402.36,149644.95,125950.89,01
192,192,192,2017-03-23,30.92,30.92,30.23,29.72,121584.71,-0.68,-2.2,31.116,30.776,29.677,163939.65,152391.49,124635.4,10
193,193,193,2017-03-22,30.81,31.3,30.91,30.6,113653.98,-0.42,-1.34,31.25,30.743,29.579,166971.6,159964.25,120315.14,10
194,194,194,2017-03-21,31.23,32.18,31.33,30.89,146443.16,-0.03,-0.1,31.164,30.577,29.455,165515.23,159969.97,117038.34,10
195,195,195,2017-03-20,31.65,31.65,31.36,30.7,143847.44,-0.39,-1.23,31.068,30.463,29.312,177475.36,170977.92,112994.29,10
196,196,196,2017-03-17,31.48,32.48,31.75,31.08,294168.94,0.85,2.75,30.846,30.206999999999997,29.138,177887.55,170292.14,108019.59,01
197,197,197,2017-03-16,30.48,31.36,30.9,30.33,136744.48,0.42,1.38,30.436,29.771,28.933000000000003,140843.34,143822.94,97563.61,01
198,198,198,2017-03-15,30.48,30.84,30.48,30.22,106372.13,-0.37,-1.2,30.236,29.418000000000003,28.831,152956.9,136690.89,92993.7,10
199,199,199,2017-03-14,30.2,31.95,30.85,29.51,206243.8,0.6,1.98,29.99,29.17,28.74,154424.71,129718.79,90680.12,01
200,200,200,2017-03-13,29.87,30.7,30.25,29.87,145908.39,0.55,1.85,29.858,28.882,28.639,164480.47,112768.89,83119.36,01
201,201,201,2017-03-10,29.52,30.25,29.7,29.41,108947.9,-0.2,-0.67,29.568,28.679,28.587,162696.73,102256.83,78951.21,10
202,202,202,2017-03-09,29.25,30.7,29.9,29.14,197312.28,0.65,2.22,29.106,28.577,28.576,146802.53,96879.3,77731.68,01
203,203,203,2017-03-08,29.66,29.67,29.25,29.03,113711.2,-0.94,-3.11,28.6,28.415,28.588,120424.88,80666.04,73895.8,10
204,204,204,2017-03-07,28.91,30.64,30.19,28.82,256522.59,1.39,4.83,28.35,28.331999999999997,28.63,105012.86,74106.71,75422.52,01
205,205,205,2017-03-06,28.62,29.93,28.8,28.59,136989.7,1.41,5.15,27.906,28.16,28.58,61057.32,55010.66,66777.19,01
206,206,206,2017-03-03,27.2,27.66,27.39,27.07,29476.88,0.02,0.07,27.79,28.069000000000003,28.618,41816.93,45747.04,64575.24,01
207,207,207,2017-03-02,28.2,28.25,27.37,27.32,65424.02,-0.63,-2.25,28.048,28.095,28.698,46956.06,51304.28,66227.45,10
208,208,208,2017-03-01,27.99,28.42,28.0,27.9,36651.09,0.03,0.11,28.23,28.243,28.811,40907.2,49296.51,62956.65,01
209,209,209,2017-02-28,28.18,28.28,27.97,27.82,36744.89,-0.25,-0.89,28.314,28.309,28.893,43200.55,51641.45,64213.51,10
210,210,210,2017-02-27,28.49,28.7,28.22,28.1,40787.78,-0.46,-1.6,28.414,28.395,28.989,48964.0,53469.82,69569.01,10
211,211,211,2017-02-24,28.15,28.88,28.68,28.03,55172.54,0.4,1.41,28.348000000000003,28.495,29.009,49677.15,55645.58,71501.43,01
212,212,212,2017-02-23,28.21,28.44,28.28,28.04,35179.68,-0.14,-0.49,28.142,28.574,29.043000000000003,55652.5,58584.07,74912.54,10
213,213,213,2017-02-22,28.57,28.58,28.42,28.06,48117.88,-0.05,-0.18,28.256,28.76,29.133000000000003,57685.82,67125.57,80039.79,10
214,214,214,2017-02-21,28.0,28.78,28.47,27.83,65562.12,0.58,2.08,28.304,28.928,29.202,60082.35,76738.33,85133.6,01
215,215,215,2017-02-20,27.6,27.99,27.89,27.36,44353.52,0.24,0.87,28.376,28.999,29.298,57975.64,78543.73,94593.39,01
216,216,216,2017-02-17,28.66,28.8,27.65,27.63,85049.31,-1.2,-4.16,28.642,29.167,29.394,61614.02,83403.44,104049.26,10
217,217,217,2017-02-16,28.92,29.12,28.85,28.61,45346.28,0.19,0.66,29.006,29.3,29.366,61515.64,81150.62,105792.3,01
218,218,218,2017-02-15,28.8,29.24,28.66,28.57,60100.53,-0.17,-0.59,29.264,29.379,29.334,76565.31,76616.79,109836.82,10
219,219,219,2017-02-14,29.1,29.45,28.83,28.77,55028.57,-0.39,-1.33,29.552,29.476999999999997,29.34,93394.3,76785.56,114183.79,10
220,220,220,2017-02-13,29.2,29.41,29.22,28.75,62545.4,-0.25,-0.85,29.622,29.581999999999997,29.361,99111.81,85668.19,115544.63,10
221,221,221,2017-02-10,30.04,30.04,29.47,29.41,84557.43,-0.67,-2.22,29.691999999999997,29.522,29.23,105192.86,87357.28,114762.71,10
222,222,222,2017-02-09,30.2,30.36,30.14,29.63,120594.62,0.04,0.13,29.594,29.511,29.13,100785.59,91241.02,114433.71,01
223,223,223,2017-02-08,29.0,30.3,30.1,28.68,144245.5,0.92,3.15,29.494,29.506,28.979,76668.27,92954.02,115499.91,01
224,224,224,2017-02-07,29.3,29.33,29.18,28.66,83616.11,-0.39,-1.32,29.401999999999997,29.476,28.883000000000003,60176.82,93528.88,110140.93,10
225,225,225,2017-02-06,29.0,29.97,29.57,28.55,92950.63,0.59,2.04,29.542,29.596,28.706,72224.57,110643.06,107119.49,01
226,226,226,2017-02-03,29.84,29.97,28.98,28.98,62521.09,-0.66,-2.23,29.351999999999997,29.62,28.49,69521.7,124695.08,103378.56,10
227,227,227,2017-02-02,29.64,29.65,29.64,29.64,8.0,0.0,0.0,29.428,29.432,28.288,81696.44,130433.98,100964.11,01
228,228,228,2017-01-26,29.5,29.92,29.64,29.43,61788.29,-0.24,-0.8,29.518,29.288,28.069000000000003,109239.77,143056.84,101727.41,10
229,229,229,2017-01-25,28.44,30.3,29.88,28.44,143854.83,1.26,4.4,29.55,29.202,27.866999999999997,126880.93,151582.02,99401.31,01
230,230,230,2017-01-24,29.36,29.36,28.62,28.52,79436.3,-0.74,-2.52,29.65,29.14,27.654,149061.56,145421.08,93279.87,10
231,231,231,2017-01-23,30.5,30.72,29.36,29.28,123394.79,-0.73,-2.43,29.888,28.938,27.506,179868.45,142168.14,90932.77,10
232,232,232,2017-01-20,29.6,30.63,30.09,29.32,137724.62,0.29,0.97,29.436,28.748,27.318,179171.51,137626.39,86978.97,01
233,233,233,2017-01-19,29.78,30.79,29.8,29.39,149994.12,-0.58,-1.91,29.058000000000003,28.451,27.08,176873.92,138045.81,80891.3,10
234,234,234,2017-01-18,29.08,30.57,30.38,29.04,254757.95,0.57,1.91,28.854,28.29,26.86,176283.12,126752.97,74297.33,01
235,235,235,2017-01-17,27.0,29.81,29.81,26.48,233470.77,2.71,10.0,28.63,27.815,26.609,141780.6,103595.91,62400.97,01
236,236,236,2017-01-16,28.1,29.25,27.1,25.4,119910.09,-1.1,-3.9,27.988000000000003,27.36,26.385,104467.83,82062.04,52043.25,10
237,237,237,2017-01-13,28.83,29.9,28.2,28.13,126236.68,-0.58,-2.02,28.06,27.144,26.325,96081.28,71494.24,48977.35,10
238,238,238,2017-01-12,29.29,29.29,28.78,28.18,147040.09,-0.48,-1.64,27.844,26.85,26.161,99217.7,60397.98,44670.69,10
239,239,239,2017-01-11,26.75,29.26,29.26,26.66,82245.37,2.66,10.0,27.726,26.531999999999996,25.946,77222.83,47220.59,39351.8,01
240,240,240,2017-01-10,27.11,27.3,26.6,26.6,46906.9,-0.86,-3.13,27.0,26.168000000000003,25.703000000000003,65411.23,41138.67,38282.18,10
241,241,241,2017-01-09,26.52,27.66,27.46,26.1,77977.35,0.34,1.25,26.732,26.073,25.639,59656.26,39697.4,40833.21,01
242,242,242,2017-01-06,29.5,29.5,27.12,26.88,141918.78,-1.07,-3.8,26.228,25.886999999999997,25.671999999999997,46907.21,36331.54,38330.18,10
243,243,243,2017-01-05,26.9,28.19,28.19,26.9,37065.75,2.56,9.99,25.856,25.708,25.751,21578.27,23736.8,32343.11,01
244,244,244,2017-01-04,25.5,25.69,25.63,25.25,23187.35,0.37,1.47,25.338,25.429,25.796999999999997,17218.35,21841.69,31322.25,01
245,245,245,2017-01-03,25.02,25.38,25.26,25.02,18132.07,0.32,1.28,25.336,25.401999999999997,25.967,16866.11,21206.03,30977.55,
